[{"fields": {"model": "logentry", "app_label": "admin"}, "model": "contenttypes.contenttype", "pk": 1}, {"fields": {"model": "permission", "app_label": "auth"}, "model": "contenttypes.contenttype", "pk": 2}, {"fields": {"model": "group", "app_label": "auth"}, "model": "contenttypes.contenttype", "pk": 3}, {"fields": {"model": "user", "app_label": "auth"}, "model": "contenttypes.contenttype", "pk": 4}, {"fields": {"model": "contenttype", "app_label": "contenttypes"}, "model": "contenttypes.contenttype", "pk": 5}, {"fields": {"model": "session", "app_label": "sessions"}, "model": "contenttypes.contenttype", "pk": 6}, {"fields": {"model": "hwprofile", "app_label": "hwadmin"}, "model": "contenttypes.contenttype", "pk": 7}, {"fields": {"model": "hwuser", "app_label": "hwadmin"}, "model": "contenttypes.contenttype", "pk": 8}, {"fields": {"model": "hwjournal", "app_label": "hwadmin"}, "model": "contenttypes.contenttype", "pk": 9}, {"fields": {"model": "hwfooditem", "app_label": "hwadmin"}, "model": "contenttypes.contenttype", "pk": 10}, {"fields": {"model": "hwactivityitem", "app_label": "hwadmin"}, "model": "contenttypes.contenttype", "pk": 11}, {"fields": {"model": "hwusersubmittedfood", "app_label": "hwadmin"}, "model": "contenttypes.contenttype", "pk": 12}, {"fields": {"expire_date": "2015-08-17T18:45:50.904Z", "session_data": "ZTU2YjcxMmUzN2RkZDhlMDk3MTBlOThlYmUyNDA2NDdmMWYzNDBiMDp7Il9hdXRoX3VzZXJfaGFzaCI6IjkyYzkwZWZjYjBmNGRhNTliMDBhOTFiNTAzZGY0YzcwNmI3OTc0ZGIiLCJfYXV0aF91c2VyX2JhY2tlbmQiOiJkamFuZ28uY29udHJpYi5hdXRoLmJhY2tlbmRzLk1vZGVsQmFja2VuZCIsIl9hdXRoX3VzZXJfaWQiOiIyIn0="}, "model": "sessions.session", "pk": "qmecsoqiehv0cl6dels5rezjz6nbniv3"}, {"fields": {"expire_date": "2015-08-31T19:38:29.254Z", "session_data": "MzAzNjAyMjViNjJmNjY5Mzk3NGFlN2ZhMzE0YmNmOTFlYmU0MDU0ZTp7Il9hdXRoX3VzZXJfaGFzaCI6IjE1NDEwOTYxY2Q4YWJjMjk4N2UzNDIxY2Y3Y2JlMjJkMWNjYzk5MGYiLCJfYXV0aF91c2VyX2JhY2tlbmQiOiJkamFuZ28uY29udHJpYi5hdXRoLmJhY2tlbmRzLk1vZGVsQmFja2VuZCIsIl9hdXRoX3VzZXJfaWQiOiIzIn0="}, "model": "sessions.session", "pk": "zwnbo95hnabqp7m034lnr0xsa52c6txb"}, {"fields": {"created_at": "2015-08-05T23:45:07", "password": "$2a$10$siouDp8NFRBzYqsucyBHO.HcB1lS2SjWffCB9DcLW0LgC.9Srxezu", "email": "hwtestuser@gmail.com", "updated_at": "2015-08-15T20:58:11"}, "model": "hwadmin.hwuser", "pk": 1}, {"fields": {"created_at": "2015-08-05T23:45:07", "password": "hwtestpass2", "email": "hwtestuser2", "updated_at": "2015-08-05T23:46:14"}, "model": "hwadmin.hwuser", "pk": 2}, {"fields": {"created_at": "2015-08-15T19:54:34", "password": "$2a$10$siouDp8NFRBzYqsucyBHO.HcB1lS2SjWffCB9DcLW0LgC.9Srxezu", "email": "suhail.ism@gmail.com", "updated_at": "2015-08-15T20:50:54"}, "model": "hwadmin.hwuser", "pk": 3}, {"fields": {"created_at": "2015-08-16T00:24:40", "password": "$2a$10$gCbat0fHncQGDjuXSIaqaenuwMwld4aBMokbqgMwnECkAidwI11OC", "email": "some_new_user@gmail.com", "updated_at": "2015-08-16T00:38:39"}, "model": "hwadmin.hwuser", "pk": 5}, {"fields": {"created_at": "2015-08-18T00:44:30", "password": "$2a$10$g5YnYHM1eChBJfl5PF1W6OpGQ9iqgwyZW/w8lfyIL0vWH3so307Mq", "email": "kapur.gayatri@gmail.com", "updated_at": "2015-08-18T00:47:44"}, "model": "hwadmin.hwuser", "pk": 6}, {"fields": {"created_at": "2015-09-01T03:09:33", "password": "$2a$10$IMEGQnoQZoLchmlABK2Gf.2o95ghiiJ6fWIOsvCqKc/StA6YQQfpS", "email": "fuck.sarim@gmail.com", "updated_at": "2015-09-01T03:09:33"}, "model": "hwadmin.hwuser", "pk": 7}, {"fields": {"created_at": "2015-09-01T03:10:06", "password": "$2a$10$/jSWu6WZtvT/.4GIi3pEvOZXUMB.j6WQudiuiT9ovyqpkdwtgDVHy", "email": "fuck.sarim.again@gmail.com", "updated_at": "2015-09-01T03:10:06"}, "model": "hwadmin.hwuser", "pk": 8}, {"fields": {"created_at": "2015-08-06T00:22:15", "firstname": "HWFirstName", "goal_weight": 60.0, "lastname": "HWLastName", "age": 21, "updated_at": "2015-08-16T04:08:43", "goal_time": "2015-12-31", "height": 170, "starting_weight": 70.5, "activity_level": "SD", "health_conditions": "none", "gender": "M", "meal_preferences": "none", "user": 1}, "model": "hwadmin.hwprofile", "pk": 1}, {"fields": {"created_at": "2015-08-15T22:27:00", "firstname": "suhaila", "goal_weight": 60.0, "lastname": "ahmad", "age": 26, "updated_at": "2015-08-15T22:44:45", "goal_time": "2015-08-15", "height": 170, "starting_weight": 70.0, "activity_level": "SD", "health_conditions": null, "gender": "M", "meal_preferences": "none", "user": 3}, "model": "hwadmin.hwprofile", "pk": 2}, {"fields": {"created_at": "2015-08-16T01:20:27", "firstname": "Hwtestfirstname", "goal_weight": 63.2, "lastname": "Hwtestlastname", "age": 25, "updated_at": "2015-08-16T21:24:13", "goal_time": "2015-08-16", "height": 178, "starting_weight": 75.67, "activity_level": "SD", "health_conditions": null, "gender": "M", "meal_preferences": "vegetarian, eggs", "user": 5}, "model": "hwadmin.hwprofile", "pk": 5}, {"fields": {"created_at": "2015-08-18T00:50:44", "firstname": "Gayatri", "goal_weight": 58.0, "lastname": "Kapur", "age": 35, "updated_at": "2015-08-18T01:02:03", "goal_time": "2015-12-30", "height": 150, "starting_weight": 68.0, "activity_level": "SD", "health_conditions": null, "gender": "F", "meal_preferences": "non-vegetarian, eggs", "user": 6}, "model": "hwadmin.hwprofile", "pk": 6}, {"fields": {"created_at": "2015-08-06T00:22:23", "updated_at": "2015-08-06T04:51:59", "recommended_calorie_intake": 1280.0, "user": 1, "journal_date": "2015-08-04T00:00:00Z", "current_weight": 70.0, "recommended_calorie_to_burn": 1000.0}, "model": "hwadmin.hwjournal", "pk": 1}, {"fields": {"created_at": "2015-08-06T00:22:23", "updated_at": "2015-08-06T04:58:04", "recommended_calorie_intake": 1256.0, "user": 1, "journal_date": "2015-08-05T00:00:00Z", "current_weight": 69.0, "recommended_calorie_to_burn": 900.0}, "model": "hwadmin.hwjournal", "pk": 2}, {"fields": {"created_at": "2015-08-16T04:04:53", "updated_at": "2015-08-16T04:04:53", "recommended_calorie_intake": 1893.6227658745613, "user": 1, "journal_date": "2015-08-16T00:00:00Z", "current_weight": 69.0, "recommended_calorie_to_burn": 1893.6227658745613}, "model": "hwadmin.hwjournal", "pk": 5}, {"fields": {"created_at": "2015-08-16T04:09:01", "updated_at": "2015-08-16T04:09:01", "recommended_calorie_intake": 1878.1289102950027, "user": 1, "journal_date": "2015-08-20T00:00:00Z", "current_weight": 69.0, "recommended_calorie_to_burn": 2111.1289102950027}, "model": "hwadmin.hwjournal", "pk": 6}, {"fields": {"created_at": "2015-08-16T04:25:33", "updated_at": "2015-08-16T04:25:33", "recommended_calorie_intake": 1870.3675602381431, "user": 5, "journal_date": "2015-08-20T00:00:00Z", "current_weight": 75.55, "recommended_calorie_to_burn": 2103.367560238143}, "model": "hwadmin.hwjournal", "pk": 7}, {"fields": {"created_at": "2015-08-16T04:25:47", "updated_at": "2015-08-16T04:26:10", "recommended_calorie_intake": 1841.9079366254714, "user": 5, "journal_date": "2015-08-25T00:00:00Z", "current_weight": 70.55, "recommended_calorie_to_burn": 2074.9079366254714}, "model": "hwadmin.hwjournal", "pk": 8}, {"fields": {"created_at": "2015-08-16T04:26:21", "updated_at": "2015-08-16T04:26:21", "recommended_calorie_intake": 2041.719029171912, "user": 5, "journal_date": "2015-08-31T00:00:00Z", "current_weight": 70.55, "recommended_calorie_to_burn": 2274.719029171912}, "model": "hwadmin.hwjournal", "pk": 9}, {"fields": {"created_at": "2015-08-16T04:28:38", "updated_at": "2015-08-16T04:28:38", "recommended_calorie_intake": 1985.23, "user": 5, "journal_date": "2015-09-13T00:00:00Z", "current_weight": 70.55, "recommended_calorie_to_burn": 2218.23}, "model": "hwadmin.hwjournal", "pk": 10}, {"fields": {"created_at": "2015-08-16T21:22:28", "updated_at": "2015-08-16T21:22:28", "recommended_calorie_intake": -2561.97, "user": 1, "journal_date": "2015-12-16T00:00:00Z", "current_weight": 69.0, "recommended_calorie_to_burn": -2328.97}, "model": "hwadmin.hwjournal", "pk": 11}, {"fields": {"created_at": "2015-08-16T21:22:58", "updated_at": "2015-08-16T21:22:58", "recommended_calorie_intake": 1908.23, "user": 1, "journal_date": "2015-08-12T00:00:00Z", "current_weight": 69.0, "recommended_calorie_to_burn": 2141.23}, "model": "hwadmin.hwjournal", "pk": 12}, {"fields": {"created_at": "2015-08-18T01:01:21", "updated_at": "2015-08-18T01:01:21", "recommended_calorie_intake": 1368.68, "user": 6, "journal_date": "2015-09-13T00:00:00Z", "current_weight": 68.0, "recommended_calorie_to_burn": 1368.68}, "model": "hwadmin.hwjournal", "pk": 13}, {"fields": {"created_at": "2015-08-18T01:02:14", "updated_at": "2015-08-18T01:02:14", "recommended_calorie_intake": 1361.87, "user": 6, "journal_date": "2015-09-14T00:00:00Z", "current_weight": 68.0, "recommended_calorie_to_burn": 1461.87}, "model": "hwadmin.hwjournal", "pk": 14}, {"fields": {"created_at": "2015-08-06T00:22:35", "sodium": -1.0, "journal": 1, "calories": 300.0, "carbohydrates": -1.0, "food_name": "Egg Fried Rice", "proteins": -1.0, "updated_at": "2015-08-06T00:22:35", "fats": -1.0, "meal_type": "L", "cholesterol": -1.0, "potassium": -1.0, "portion_size": 1.0, "user": 1}, "model": "hwadmin.hwfooditem", "pk": 1}, {"fields": {"created_at": "2015-08-06T00:40:44", "sodium": -1.0, "journal": 1, "calories": 240.0, "carbohydrates": -1.0, "food_name": "Veg Pasta", "proteins": -1.0, "updated_at": "2015-08-06T00:40:44", "fats": -1.0, "meal_type": "L", "cholesterol": -1.0, "potassium": -1.0, "portion_size": -1.0, "user": 1}, "model": "hwadmin.hwfooditem", "pk": 2}, {"fields": {"created_at": "2015-08-06T05:46:47", "sodium": -1.0, "journal": 2, "calories": 340.0, "carbohydrates": -1.0, "food_name": "Caeser Salad", "proteins": -1.0, "updated_at": "2015-08-06T05:46:47", "fats": -1.0, "meal_type": "L", "cholesterol": -1.0, "potassium": -1.0, "portion_size": -1.0, "user": 1}, "model": "hwadmin.hwfooditem", "pk": 3}, {"fields": {"created_at": "2015-08-16T05:42:13", "sodium": -1.0, "journal": 2, "calories": 210.0, "carbohydrates": -1.0, "food_name": "Chicken Momos", "proteins": -1.0, "updated_at": "2015-08-16T05:42:13", "fats": -1.0, "meal_type": "L", "cholesterol": -1.0, "potassium": -1.0, "portion_size": -1.0, "user": 1}, "model": "hwadmin.hwfooditem", "pk": 4}, {"fields": {"created_at": "2015-08-16T06:17:53", "sodium": -1.0, "journal": 1, "calories": 300.0, "carbohydrates": -1.0, "food_name": "Tandoori Chicken", "proteins": -1.0, "updated_at": "2015-08-16T06:17:53", "fats": -1.0, "meal_type": "L", "cholesterol": -1.0, "potassium": -1.0, "portion_size": -1.0, "user": 1}, "model": "hwadmin.hwfooditem", "pk": 11}, {"fields": {"created_at": "2015-08-16T06:42:53", "sodium": -1.0, "journal": 1, "calories": 340.0, "carbohydrates": -1.0, "food_name": "Rajma Rice", "proteins": -1.0, "updated_at": "2015-08-16T06:42:53", "fats": -1.0, "meal_type": "L", "cholesterol": -1.0, "potassium": -1.0, "portion_size": -1.0, "user": 1}, "model": "hwadmin.hwfooditem", "pk": 14}, {"fields": {"created_at": "2015-08-16T06:52:27", "sodium": -1.0, "journal": 1, "calories": 430.0, "carbohydrates": -1.0, "food_name": "Chicken Lolipop", "proteins": -1.0, "updated_at": "2015-08-16T06:52:27", "fats": -1.0, "meal_type": "L", "cholesterol": -1.0, "potassium": -1.0, "portion_size": -1.0, "user": 1}, "model": "hwadmin.hwfooditem", "pk": 15}, {"fields": {"created_at": "2015-08-16T06:53:12", "sodium": -1.0, "journal": 1, "calories": 336.0, "carbohydrates": -1.0, "food_name": "Chicken Stir Fry", "proteins": -1.0, "updated_at": "2015-08-16T06:53:12", "fats": -1.0, "meal_type": "L", "cholesterol": -1.0, "potassium": -1.0, "portion_size": -1.0, "user": 1}, "model": "hwadmin.hwfooditem", "pk": 16}, {"fields": {"created_at": "2015-08-16T06:57:49", "sodium": -1.0, "journal": 2, "calories": 210.0, "carbohydrates": -1.0, "food_name": "Chicken Momos", "proteins": -1.0, "updated_at": "2015-08-16T06:57:49", "fats": -1.0, "meal_type": "L", "cholesterol": -1.0, "potassium": -1.0, "portion_size": -1.0, "user": 1}, "model": "hwadmin.hwfooditem", "pk": 17}, {"fields": {"created_at": "2015-08-16T21:18:13", "sodium": -1.0, "journal": 2, "calories": 210.0, "carbohydrates": -1.0, "food_name": "Chicken Schezwan", "proteins": -1.0, "updated_at": "2015-08-16T21:18:13", "fats": -1.0, "meal_type": "L", "cholesterol": -1.0, "potassium": -1.0, "portion_size": -1.0, "user": 1}, "model": "hwadmin.hwfooditem", "pk": 18}, {"fields": {"created_at": "2015-08-16T21:20:28", "sodium": -1.0, "journal": 2, "calories": 210.0, "carbohydrates": -1.0, "food_name": "Chicken Fry", "proteins": -1.0, "updated_at": "2015-08-16T21:20:28", "fats": -1.0, "meal_type": "L", "cholesterol": -1.0, "potassium": -1.0, "portion_size": -1.0, "user": 1}, "model": "hwadmin.hwfooditem", "pk": 19}, {"fields": {"created_at": "2015-08-18T01:05:36", "sodium": -1.0, "journal": 2, "calories": 210.0, "carbohydrates": -1.0, "food_name": "Chicken Fry", "proteins": -1.0, "updated_at": "2015-08-18T01:05:36", "fats": -1.0, "meal_type": "L", "cholesterol": -1.0, "potassium": -1.0, "portion_size": -1.0, "user": 1}, "model": "hwadmin.hwfooditem", "pk": 20}, {"fields": {"created_at": "2015-08-18T01:11:02", "sodium": -1.0, "journal": 2, "calories": 210.0, "carbohydrates": -1.0, "food_name": "Chicken Momos Gyaytri", "proteins": -1.0, "updated_at": "2015-08-18T01:11:02", "fats": -1.0, "meal_type": "L", "cholesterol": -1.0, "potassium": -1.0, "portion_size": -1.0, "user": 1}, "model": "hwadmin.hwfooditem", "pk": 21}, {"fields": {"calories_burnt": 120.0, "created_at": "2015-08-06T00:22:48", "updated_at": "2015-08-06T00:22:48", "user": 1, "duration": 15.0, "activity_name": "Running", "journal": 1, "activity_type": "S"}, "model": "hwadmin.hwactivityitem", "pk": 1}, {"fields": {"calories_burnt": 333.0, "created_at": "2015-08-16T23:15:28", "updated_at": "2015-08-16T23:15:28", "user": 1, "duration": 10.0, "activity_name": "Swimming", "journal": 2, "activity_type": "S"}, "model": "hwadmin.hwactivityitem", "pk": 2}, {"fields": {"calories_burnt": 333.0, "created_at": "2015-08-16T23:16:16", "updated_at": "2015-08-16T23:16:16", "user": 1, "duration": 10.0, "activity_name": "Swimming", "journal": 2, "activity_type": "S"}, "model": "hwadmin.hwactivityitem", "pk": 3}, {"fields": {"calories_burnt": 333.0, "created_at": "2015-08-16T23:17:52", "updated_at": "2015-08-16T23:17:52", "user": 1, "duration": 10.0, "activity_name": "Swimming", "journal": 2, "activity_type": "S"}, "model": "hwadmin.hwactivityitem", "pk": 4}, {"fields": {"calories_burnt": 333.0, "created_at": "2015-08-18T01:17:56", "updated_at": "2015-08-18T01:17:56", "user": 1, "duration": 10.0, "activity_name": "Swimming#2", "journal": 2, "activity_type": "S"}, "model": "hwadmin.hwactivityitem", "pk": 5}, {"fields": {"created_at": "2015-08-16T06:47:02", "sodium": -1.0, "journal": 1, "calories": 300.0, "carbohydrates": -1.0, "food_name": "Tandoori Chicken", "proteins": -1.0, "updated_at": "2015-08-16T06:48:12", "approved": true, "fats": -1.0, "meal_type": "L", "cholesterol": -1.0, "potassium": -1.0, "portion_size": -1.0, "user": 1}, "model": "hwadmin.hwusersubmittedfood", "pk": 1}, {"fields": {"created_at": "2015-08-16T06:47:02", "sodium": -1.0, "journal": 1, "calories": 340.0, "carbohydrates": -1.0, "food_name": "Rajma Rice", "proteins": -1.0, "updated_at": "2015-08-16T06:48:13", "approved": true, "fats": -1.0, "meal_type": "L", "cholesterol": -1.0, "potassium": -1.0, "portion_size": -1.0, "user": 1}, "model": "hwadmin.hwusersubmittedfood", "pk": 2}, {"fields": {"created_at": "2015-08-16T06:51:05", "sodium": -1.0, "journal": 1, "calories": 430.0, "carbohydrates": -1.0, "food_name": "Chicken Lolipop", "proteins": -1.0, "updated_at": "2015-08-16T06:51:30", "approved": true, "fats": -1.0, "meal_type": "L", "cholesterol": -1.0, "potassium": -1.0, "portion_size": -1.0, "user": 1}, "model": "hwadmin.hwusersubmittedfood", "pk": 3}, {"fields": {"created_at": "2015-08-16T06:52:52", "sodium": -1.0, "journal": 1, "calories": 336.0, "carbohydrates": -1.0, "food_name": "Chicken Stir Fry", "proteins": -1.0, "updated_at": "2015-08-16T06:53:12", "approved": true, "fats": -1.0, "meal_type": "L", "cholesterol": -1.0, "potassium": -1.0, "portion_size": -1.0, "user": 1}, "model": "hwadmin.hwusersubmittedfood", "pk": 4}, {"fields": {"created_at": "2015-08-16T21:20:50", "sodium": -1.0, "journal": 2, "calories": 210.0, "carbohydrates": -1.0, "food_name": "Chicken Dumplings", "proteins": -1.0, "updated_at": "2015-08-16T21:20:50", "approved": false, "fats": -1.0, "meal_type": "L", "cholesterol": -1.0, "potassium": -1.0, "portion_size": -1.0, "user": 1}, "model": "hwadmin.hwusersubmittedfood", "pk": 5}, {"fields": {"created_at": "2015-08-16T21:21:05", "sodium": -1.0, "journal": 2, "calories": 210.0, "carbohydrates": -1.0, "food_name": "Chicken Momos", "proteins": -1.0, "updated_at": "2015-08-16T21:21:05", "approved": false, "fats": -1.0, "meal_type": "L", "cholesterol": -1.0, "potassium": -1.0, "portion_size": -1.0, "user": 1}, "model": "hwadmin.hwusersubmittedfood", "pk": 6}, {"fields": {"created_at": "2015-08-18T01:06:54", "sodium": -1.0, "journal": 2, "calories": 210.0, "carbohydrates": -1.0, "food_name": "Chicken Momos Gyaytri", "proteins": -1.0, "updated_at": "2015-08-18T01:11:02", "approved": true, "fats": -1.0, "meal_type": "L", "cholesterol": -1.0, "potassium": -1.0, "portion_size": -1.0, "user": 1}, "model": "hwadmin.hwusersubmittedfood", "pk": 7}, {"fields": {"codename": "add_logentry", "name": "Can add log entry", "content_type": 1}, "model": "auth.permission", "pk": 1}, {"fields": {"codename": "change_logentry", "name": "Can change log entry", "content_type": 1}, "model": "auth.permission", "pk": 2}, {"fields": {"codename": "delete_logentry", "name": "Can delete log entry", "content_type": 1}, "model": "auth.permission", "pk": 3}, {"fields": {"codename": "add_permission", "name": "Can add permission", "content_type": 2}, "model": "auth.permission", "pk": 4}, {"fields": {"codename": "change_permission", "name": "Can change permission", "content_type": 2}, "model": "auth.permission", "pk": 5}, {"fields": {"codename": "delete_permission", "name": "Can delete permission", "content_type": 2}, "model": "auth.permission", "pk": 6}, {"fields": {"codename": "add_group", "name": "Can add group", "content_type": 3}, "model": "auth.permission", "pk": 7}, {"fields": {"codename": "change_group", "name": "Can change group", "content_type": 3}, "model": "auth.permission", "pk": 8}, {"fields": {"codename": "delete_group", "name": "Can delete group", "content_type": 3}, "model": "auth.permission", "pk": 9}, {"fields": {"codename": "add_user", "name": "Can add user", "content_type": 4}, "model": "auth.permission", "pk": 10}, {"fields": {"codename": "change_user", "name": "Can change user", "content_type": 4}, "model": "auth.permission", "pk": 11}, {"fields": {"codename": "delete_user", "name": "Can delete user", "content_type": 4}, "model": "auth.permission", "pk": 12}, {"fields": {"codename": "add_contenttype", "name": "Can add content type", "content_type": 5}, "model": "auth.permission", "pk": 13}, {"fields": {"codename": "change_contenttype", "name": "Can change content type", "content_type": 5}, "model": "auth.permission", "pk": 14}, {"fields": {"codename": "delete_contenttype", "name": "Can delete content type", "content_type": 5}, "model": "auth.permission", "pk": 15}, {"fields": {"codename": "add_session", "name": "Can add session", "content_type": 6}, "model": "auth.permission", "pk": 16}, {"fields": {"codename": "change_session", "name": "Can change session", "content_type": 6}, "model": "auth.permission", "pk": 17}, {"fields": {"codename": "delete_session", "name": "Can delete session", "content_type": 6}, "model": "auth.permission", "pk": 18}, {"fields": {"codename": "add_hwprofile", "name": "Can add hw profile", "content_type": 7}, "model": "auth.permission", "pk": 19}, {"fields": {"codename": "change_hwprofile", "name": "Can change hw profile", "content_type": 7}, "model": "auth.permission", "pk": 20}, {"fields": {"codename": "delete_hwprofile", "name": "Can delete hw profile", "content_type": 7}, "model": "auth.permission", "pk": 21}, {"fields": {"codename": "add_hwuser", "name": "Can add hw user", "content_type": 8}, "model": "auth.permission", "pk": 22}, {"fields": {"codename": "change_hwuser", "name": "Can change hw user", "content_type": 8}, "model": "auth.permission", "pk": 23}, {"fields": {"codename": "delete_hwuser", "name": "Can delete hw user", "content_type": 8}, "model": "auth.permission", "pk": 24}, {"fields": {"codename": "add_hwjournal", "name": "Can add hw journal", "content_type": 9}, "model": "auth.permission", "pk": 25}, {"fields": {"codename": "change_hwjournal", "name": "Can change hw journal", "content_type": 9}, "model": "auth.permission", "pk": 26}, {"fields": {"codename": "delete_hwjournal", "name": "Can delete hw journal", "content_type": 9}, "model": "auth.permission", "pk": 27}, {"fields": {"codename": "add_hwfooditem", "name": "Can add hw food item", "content_type": 10}, "model": "auth.permission", "pk": 28}, {"fields": {"codename": "change_hwfooditem", "name": "Can change hw food item", "content_type": 10}, "model": "auth.permission", "pk": 29}, {"fields": {"codename": "delete_hwfooditem", "name": "Can delete hw food item", "content_type": 10}, "model": "auth.permission", "pk": 30}, {"fields": {"codename": "add_hwactivityitem", "name": "Can add hw activity item", "content_type": 11}, "model": "auth.permission", "pk": 31}, {"fields": {"codename": "change_hwactivityitem", "name": "Can change hw activity item", "content_type": 11}, "model": "auth.permission", "pk": 32}, {"fields": {"codename": "delete_hwactivityitem", "name": "Can delete hw activity item", "content_type": 11}, "model": "auth.permission", "pk": 33}, {"fields": {"codename": "add_hwusersubmittedfood", "name": "Can add hw user submitted food", "content_type": 12}, "model": "auth.permission", "pk": 34}, {"fields": {"codename": "change_hwusersubmittedfood", "name": "Can change hw user submitted food", "content_type": 12}, "model": "auth.permission", "pk": 35}, {"fields": {"codename": "delete_hwusersubmittedfood", "name": "Can delete hw user submitted food", "content_type": 12}, "model": "auth.permission", "pk": 36}, {"fields": {"username": "hwdjangoadmin", "first_name": "", "last_name": "", "is_active": true, "is_superuser": true, "is_staff": true, "last_login": null, "groups": [], "user_permissions": [], "password": "pbkdf2_sha256$20000$ExNNvmoypIwE$08akyb9ASRI/CwabMoy4+ShYuJQVK2j8nYITaREWaoQ=", "email": "", "date_joined": "2015-08-03T18:37:15.968Z"}, "model": "auth.user", "pk": 1}, {"fields": {"username": "hwadminuser", "first_name": "", "last_name": "", "is_active": true, "is_superuser": true, "is_staff": true, "last_login": "2015-08-03T18:45:50.901Z", "groups": [], "user_permissions": [], "password": "pbkdf2_sha256$20000$9yoyjVNxGHRK$Kd04nukQkgZaknTkUQe2LeMZLbAU20ysXtqJTNhUR7g=", "email": "", "date_joined": "2015-08-03T18:45:28.677Z"}, "model": "auth.user", "pk": 2}, {"fields": {"username": "suhailansari", "first_name": "", "last_name": "", "is_active": true, "is_superuser": true, "is_staff": true, "last_login": "2015-08-17T19:38:29.252Z", "groups": [], "user_permissions": [], "password": "pbkdf2_sha256$20000$9xT48z7Xf2gH$00pzYDr4XG96RlKm5veMuow/gW21mxiRdzdM0zcKFwg=", "email": "", "date_joined": "2015-08-17T19:38:08.462Z"}, "model": "auth.user", "pk": 3}, {"fields": {"action_flag": 1, "action_time": "2015-08-03T18:48:22.702Z", "object_repr": "HwProfile object", "object_id": "1", "change_message": "", "user": 2, "content_type": 7}, "model": "admin.logentry", "pk": 1}, {"fields": {"action_flag": 1, "action_time": "2015-08-03T18:48:53.288Z", "object_repr": "HwUser object", "object_id": "1", "change_message": "", "user": 2, "content_type": 8}, "model": "admin.logentry", "pk": 2}, {"fields": {"action_flag": 1, "action_time": "2015-08-03T18:56:44.955Z", "object_repr": "HwUser object", "object_id": "1", "change_message": "", "user": 2, "content_type": 8}, "model": "admin.logentry", "pk": 3}, {"fields": {"action_flag": 1, "action_time": "2015-08-03T18:57:03.279Z", "object_repr": "HwProfile object", "object_id": "1", "change_message": "", "user": 2, "content_type": 7}, "model": "admin.logentry", "pk": 4}, {"fields": {"action_flag": 1, "action_time": "2015-08-03T20:15:12.161Z", "object_repr": "HwUser object", "object_id": "1", "change_message": "", "user": 2, "content_type": 8}, "model": "admin.logentry", "pk": 5}, {"fields": {"action_flag": 1, "action_time": "2015-08-03T20:15:57.287Z", "object_repr": "HwProfile object", "object_id": "1", "change_message": "", "user": 2, "content_type": 7}, "model": "admin.logentry", "pk": 6}, {"fields": {"action_flag": 1, "action_time": "2015-08-03T20:17:26.856Z", "object_repr": "HwJournal object", "object_id": "1", "change_message": "", "user": 2, "content_type": 9}, "model": "admin.logentry", "pk": 7}, {"fields": {"action_flag": 1, "action_time": "2015-08-03T20:19:39.990Z", "object_repr": "HwFoodItem object", "object_id": "1", "change_message": "", "user": 2, "content_type": 10}, "model": "admin.logentry", "pk": 8}, {"fields": {"action_flag": 1, "action_time": "2015-08-03T20:20:10.490Z", "object_repr": "HwActivityItem object", "object_id": "1", "change_message": "", "user": 2, "content_type": 11}, "model": "admin.logentry", "pk": 9}, {"fields": {"action_flag": 2, "action_time": "2015-08-15T16:32:18.245Z", "object_repr": "HwProfile object", "object_id": "1", "change_message": "Changed firstname and lastname.", "user": 2, "content_type": 7}, "model": "admin.logentry", "pk": 10}, {"fields": {"action_flag": 2, "action_time": "2015-08-15T16:32:36.683Z", "object_repr": "HwProfile object", "object_id": "1", "change_message": "Changed starting_weight.", "user": 2, "content_type": 7}, "model": "admin.logentry", "pk": 11}, {"fields": {"action_flag": 2, "action_time": "2015-08-15T16:43:57.085Z", "object_repr": "HwProfile object", "object_id": "1", "change_message": "No fields changed.", "user": 2, "content_type": 7}, "model": "admin.logentry", "pk": 12}, {"fields": {"action_flag": 1, "action_time": "2015-08-16T00:37:52.936Z", "object_repr": "HwUserSubmittedFood object", "object_id": "None", "change_message": "", "user": 2, "content_type": 12}, "model": "admin.logentry", "pk": 13}, {"fields": {"action_flag": 1, "action_time": "2015-08-16T00:47:53.050Z", "object_repr": "HwUserSubmittedFood object", "object_id": "1", "change_message": "", "user": 2, "content_type": 12}, "model": "admin.logentry", "pk": 14}, {"fields": {"action_flag": 2, "action_time": "2015-08-16T01:09:57.704Z", "object_repr": "Tandoori Chicken, FoodID: 1, UserID: 1, JournalID: 1", "object_id": "1", "change_message": "No fields changed.", "user": 2, "content_type": 12}, "model": "admin.logentry", "pk": 15}, {"fields": {"action_flag": 3, "action_time": "2015-08-16T01:10:16.049Z", "object_repr": "Tandoori Chicken, FoodID: 12, UserID: 1, JournalID: 1", "object_id": "12", "change_message": "", "user": 2, "content_type": 10}, "model": "admin.logentry", "pk": 16}, {"fields": {"action_flag": 2, "action_time": "2015-08-16T01:10:27.089Z", "object_repr": "Tandoori Chicken, FoodID: 1, UserID: 1, JournalID: 1", "object_id": "1", "change_message": "No fields changed.", "user": 2, "content_type": 12}, "model": "admin.logentry", "pk": 17}, {"fields": {"action_flag": 3, "action_time": "2015-08-16T01:10:59.365Z", "object_repr": "Tandoori Chicken, FoodID: 13, UserID: 1, JournalID: 1", "object_id": "13", "change_message": "", "user": 2, "content_type": 10}, "model": "admin.logentry", "pk": 18}, {"fields": {"action_flag": 2, "action_time": "2015-08-16T01:11:05.463Z", "object_repr": "Tandoori Chicken, FoodID: 1, UserID: 1, JournalID: 1", "object_id": "1", "change_message": "No fields changed.", "user": 2, "content_type": 12}, "model": "admin.logentry", "pk": 19}, {"fields": {"action_flag": 1, "action_time": "2015-08-16T01:12:53.064Z", "object_repr": "Rajma Rice, FoodID: 2, UserID: 1, JournalID: 1", "object_id": "2", "change_message": "", "user": 2, "content_type": 12}, "model": "admin.logentry", "pk": 20}, {"fields": {"action_flag": 2, "action_time": "2015-08-16T01:21:30.123Z", "object_repr": "Chicken Lolipop, FoodID: 3, UserID: 1, JournalID: 1", "object_id": "3", "change_message": "Changed approved.", "user": 2, "content_type": 12}, "model": "admin.logentry", "pk": 21}, {"fields": {"action_flag": 2, "action_time": "2015-08-16T01:22:27.925Z", "object_repr": "Chicken Lolipop, FoodID: 3, UserID: 1, JournalID: 1", "object_id": "3", "change_message": "No fields changed.", "user": 2, "content_type": 12}, "model": "admin.logentry", "pk": 22}, {"fields": {"action_flag": 2, "action_time": "2015-08-16T01:23:12.271Z", "object_repr": "Chicken Stir Fry, FoodID: 4, UserID: 1, JournalID: 1", "object_id": "4", "change_message": "Changed approved.", "user": 2, "content_type": 12}, "model": "admin.logentry", "pk": 23}, {"fields": {"action_flag": 2, "action_time": "2015-08-17T19:41:02.262Z", "object_repr": "Chicken Momos Gyaytri, FoodID: 7, UserID: 1, JournalID: 2", "object_id": "7", "change_message": "Changed approved.", "user": 3, "content_type": 12}, "model": "admin.logentry", "pk": 24}]